{
	"info": {
		"_postman_id": "f7e0e65b-bb6a-4f60-bbb0-760415ddf8dc",
		"name": "Examen Primer Bimestre",
		"schema": "https://schema.getpostman.com/json/collection/v2.1.0/collection.json"
	},
	"item": [
		{
			"name": "Usuario",
			"item": [
				{
					"name": "Test - usuario",
					"request": {
						"method": "GET",
						"header": []
					},
					"response": []
				},
				{
					"name": "Register",
					"request": {
						"method": "POST",
						"header": [],
						"body": {
							"mode": "urlencoded",
							"urlencoded": [
								{
									"key": "name",
									"value": "Joel",
									"type": "text"
								},
								{
									"key": "username",
									"value": "Juancho1",
									"type": "text"
								},
								{
									"key": "password",
									"value": "123",
									"type": "text"
								}
							]
						},
						"url": {
							"raw": "localhost:3000/user/register",
							"host": [
								"localhost"
							],
							"port": "3000",
							"path": [
								"user",
								"register"
							]
						}
					},
					"response": []
				},
				{
					"name": "Login",
					"request": {
						"method": "POST",
						"header": [
							{
								"key": "",
								"value": "",
								"type": "text",
								"disabled": true
							}
						],
						"body": {
							"mode": "urlencoded",
							"urlencoded": [
								{
									"key": "username",
									"value": "Juancho",
									"type": "text"
								},
								{
									"key": "password",
									"value": "123",
									"type": "text"
								}
							]
						},
						"url": {
							"raw": "localhost:3000/user/login",
							"host": [
								"localhost"
							],
							"port": "3000",
							"path": [
								"user",
								"login"
							]
						}
					},
					"response": []
				},
				{
					"name": "Update",
					"request": {
						"method": "PUT",
						"header": [
							{
								"key": "Authorization",
								"value": "eyJ0eXAiOiJKV1QiLCJhbGciOiJIUzI1NiJ9.eyJzdWIiOiI2MjJhMjY4OGU3YjY3MmU3ZmYyMGNhZGEiLCJuYW1lIjoiSm9lbCIsInVzZXJuYW1lIjoiSnVhbmNobzEiLCJyb2xlIjoiQ0xJRU5UIiwiaWF0IjoxNjQ2OTI5NTUzLCJleHAiOjE2NDY5NDM5NTN9.bPF-F-E3Dq62zUqgslAgBZTxR6DU4PuWtLuqGsg_tcg",
								"type": "text"
							}
						],
						"body": {
							"mode": "urlencoded",
							"urlencoded": [
								{
									"key": "role",
									"value": "CLIENT",
									"type": "text",
									"disabled": true
								},
								{
									"key": "name",
									"value": "Leonardo",
									"type": "text"
								}
							]
						},
						"url": {
							"raw": "localhost:3000/user/update/",
							"host": [
								"localhost"
							],
							"port": "3000",
							"path": [
								"user",
								"update",
								""
							]
						}
					},
					"response": []
				},
				{
					"name": "Delete",
					"request": {
						"method": "DELETE",
						"header": [
							{
								"key": "Authorization",
								"value": "eyJ0eXAiOiJKV1QiLCJhbGciOiJIUzI1NiJ9.eyJzdWIiOiI2MjJhMjY4OGU3YjY3MmU3ZmYyMGNhZGEiLCJuYW1lIjoiSm9lbCIsInVzZXJuYW1lIjoiSnVhbmNobzEiLCJyb2xlIjoiQ0xJRU5UIiwiaWF0IjoxNjQ2OTI5NTUzLCJleHAiOjE2NDY5NDM5NTN9.bPF-F-E3Dq62zUqgslAgBZTxR6DU4PuWtLuqGsg_tcg",
								"type": "text"
							}
						],
						"url": {
							"raw": "localhost:3000/user/delete/",
							"host": [
								"localhost"
							],
							"port": "3000",
							"path": [
								"user",
								"delete",
								""
							]
						}
					},
					"response": []
				},
				{
					"name": "Productos",
					"request": {
						"method": "GET",
						"header": [
							{
								"key": "Authorization",
								"value": "eyJ0eXAiOiJKV1QiLCJhbGciOiJIUzI1NiJ9.eyJzdWIiOiI2MjJhMjY4OGU3YjY3MmU3ZmYyMGNhZGEiLCJuYW1lIjoiSm9lbCIsInVzZXJuYW1lIjoiSnVhbmNobzEiLCJyb2xlIjoiQ0xJRU5UIiwiaWF0IjoxNjQ2OTI5NTUzLCJleHAiOjE2NDY5NDM5NTN9.bPF-F-E3Dq62zUqgslAgBZTxR6DU4PuWtLuqGsg_tcg",
								"type": "text"
							}
						],
						"url": {
							"raw": "localhost:3000/user/getUserProducto",
							"host": [
								"localhost"
							],
							"port": "3000",
							"path": [
								"user",
								"getUserProducto"
							]
						}
					},
					"response": []
				}
			]
		},
		{
			"name": "Productos VideoGames",
			"item": [
				{
					"name": "Test - Producto",
					"request": {
						"method": "GET",
						"header": [],
						"url": {
							"raw": "localhost:3000/producto/test",
							"host": [
								"localhost"
							],
							"port": "3000",
							"path": [
								"producto",
								"test"
							]
						}
					},
					"response": []
				},
				{
					"name": "Save Product",
					"request": {
						"method": "POST",
						"header": [
							{
								"key": "Authorization",
								"value": "eyJ0eXAiOiJKV1QiLCJhbGciOiJIUzI1NiJ9.eyJzdWIiOiI2MjI5YTBlNzA0NzRjMTRkODQ1OTAzMjUiLCJuYW1lIjoiTGVvbmFyZG8iLCJ1c2VybmFtZSI6Ikp1YW5jaG8iLCJyb2xlIjoiQURNSU4iLCJpYXQiOjE2NDY5Mjk4NzgsImV4cCI6MTY0Njk0NDI3OH0.Gs0a9UwEfHryjBnMGM-G6aN7ZEVs8Q8qHI4tEZZYj0Q",
								"type": "text"
							}
						],
						"body": {
							"mode": "urlencoded",
							"urlencoded": [
								{
									"key": "name",
									"value": "LOL",
									"type": "text"
								},
								{
									"key": "price",
									"value": "70",
									"type": "text"
								},
								{
									"key": "stock",
									"value": "100",
									"type": "text"
								},
								{
									"key": "sell",
									"value": "0",
									"type": "text"
								}
							]
						},
						"url": {
							"raw": "localhost:3000/producto/createpProduc",
							"host": [
								"localhost"
							],
							"port": "3000",
							"path": [
								"producto",
								"createpProduc"
							]
						}
					},
					"response": []
				},
				{
					"name": "Get Product",
					"request": {
						"method": "GET",
						"header": [
							{
								"key": "Authorization",
								"value": "eyJ0eXAiOiJKV1QiLCJhbGciOiJIUzI1NiJ9.eyJzdWIiOiI2MjI5YTBlNzA0NzRjMTRkODQ1OTAzMjUiLCJuYW1lIjoiTGVvbmFyZG8iLCJ1c2VybmFtZSI6Ikp1YW5jaG8iLCJyb2xlIjoiQURNSU4iLCJpYXQiOjE2NDY5Mjk4NzgsImV4cCI6MTY0Njk0NDI3OH0.Gs0a9UwEfHryjBnMGM-G6aN7ZEVs8Q8qHI4tEZZYj0Q",
								"type": "text"
							}
						],
						"url": {
							"raw": "localhost:3000/producto/getProduct",
							"host": [
								"localhost"
							],
							"port": "3000",
							"path": [
								"producto",
								"getProduct"
							]
						}
					},
					"response": []
				},
				{
					"name": "Edit Product",
					"request": {
						"method": "PUT",
						"header": [
							{
								"key": "Authorization",
								"value": "eyJ0eXAiOiJKV1QiLCJhbGciOiJIUzI1NiJ9.eyJzdWIiOiI2MjI5YTBlNzA0NzRjMTRkODQ1OTAzMjUiLCJuYW1lIjoiTGVvbmFyZG8iLCJ1c2VybmFtZSI6Ikp1YW5jaG8iLCJyb2xlIjoiQURNSU4iLCJpYXQiOjE2NDY5Mjk4NzgsImV4cCI6MTY0Njk0NDI3OH0.Gs0a9UwEfHryjBnMGM-G6aN7ZEVs8Q8qHI4tEZZYj0Q",
								"type": "text"
							}
						],
						"body": {
							"mode": "urlencoded",
							"urlencoded": [
								{
									"key": "name",
									"value": "Call of Duty",
									"type": "text"
								}
							]
						},
						"url": {
							"raw": "localhost:3000/producto/editProducto/",
							"host": [
								"localhost"
							],
							"port": "3000",
							"path": [
								"producto",
								"editProducto",
								""
							]
						}
					},
					"response": []
				},
				{
					"name": "Delete Product",
					"request": {
						"method": "DELETE",
						"header": [
							{
								"key": "Authorization",
								"value": "eyJ0eXAiOiJKV1QiLCJhbGciOiJIUzI1NiJ9.eyJzdWIiOiI2MjI5YTBlNzA0NzRjMTRkODQ1OTAzMjUiLCJuYW1lIjoiTGVvbmFyZG8iLCJ1c2VybmFtZSI6Ikp1YW5jaG8iLCJyb2xlIjoiQURNSU4iLCJpYXQiOjE2NDY5Mjk4NzgsImV4cCI6MTY0Njk0NDI3OH0.Gs0a9UwEfHryjBnMGM-G6aN7ZEVs8Q8qHI4tEZZYj0Q",
								"type": "text"
							}
						],
						"url": {
							"raw": "localhost:3000/producto/deleteProducto/",
							"host": [
								"localhost"
							],
							"port": "3000",
							"path": [
								"producto",
								"deleteProducto",
								""
							]
						}
					},
					"response": []
				},
				{
					"name": "Edit Stock",
					"request": {
						"method": "PUT",
						"header": [
							{
								"key": "Authorization",
								"value": "eyJ0eXAiOiJKV1QiLCJhbGciOiJIUzI1NiJ9.eyJzdWIiOiI2MjI5YTBlNzA0NzRjMTRkODQ1OTAzMjUiLCJuYW1lIjoiTGVvbmFyZG8iLCJ1c2VybmFtZSI6Ikp1YW5jaG8iLCJyb2xlIjoiQURNSU4iLCJpYXQiOjE2NDY5Mjk4NzgsImV4cCI6MTY0Njk0NDI3OH0.Gs0a9UwEfHryjBnMGM-G6aN7ZEVs8Q8qHI4tEZZYj0Q",
								"type": "text"
							}
						],
						"body": {
							"mode": "urlencoded",
							"urlencoded": [
								{
									"key": "stock",
									"value": "78",
									"type": "text"
								}
							]
						},
						"url": {
							"raw": "localhost:3000/producto/editStock/",
							"host": [
								"localhost"
							],
							"port": "3000",
							"path": [
								"producto",
								"editStock",
								""
							]
						}
					},
					"response": []
				},
				{
					"name": "Agotado",
					"request": {
						"method": "GET",
						"header": [
							{
								"key": "Authorization",
								"value": "eyJ0eXAiOiJKV1QiLCJhbGciOiJIUzI1NiJ9.eyJzdWIiOiI2MjI5YTBlNzA0NzRjMTRkODQ1OTAzMjUiLCJuYW1lIjoiTGVvbmFyZG8iLCJ1c2VybmFtZSI6Ikp1YW5jaG8iLCJyb2xlIjoiQURNSU4iLCJpYXQiOjE2NDY5Mjk4NzgsImV4cCI6MTY0Njk0NDI3OH0.Gs0a9UwEfHryjBnMGM-G6aN7ZEVs8Q8qHI4tEZZYj0Q",
								"type": "text"
							}
						],
						"url": {
							"raw": "localhost:3000/producto/agotado",
							"host": [
								"localhost"
							],
							"port": "3000",
							"path": [
								"producto",
								"agotado"
							]
						}
					},
					"response": []
				}
			]
		},
		{
			"name": "Categories",
			"item": [
				{
					"name": "Save Categories",
					"request": {
						"method": "POST",
						"header": [
							{
								"key": "Authorization",
								"value": "eyJ0eXAiOiJKV1QiLCJhbGciOiJIUzI1NiJ9.eyJzdWIiOiI2MjI5YTBlNzA0NzRjMTRkODQ1OTAzMjUiLCJuYW1lIjoiTGVvbmFyZG8iLCJ1c2VybmFtZSI6Ikp1YW5jaG8iLCJyb2xlIjoiQURNSU4iLCJpYXQiOjE2NDY5Mjk4NzgsImV4cCI6MTY0Njk0NDI3OH0.Gs0a9UwEfHryjBnMGM-G6aN7ZEVs8Q8qHI4tEZZYj0Q",
								"type": "text"
							}
						],
						"body": {
							"mode": "urlencoded",
							"urlencoded": [
								{
									"key": "name",
									"value": "default",
									"type": "text"
								},
								{
									"key": "product",
									"value": "62282b6a54718fa82a0343e0",
									"type": "text"
								}
							]
						},
						"url": {
							"raw": "localhost:3000/cat/saveCategory",
							"host": [
								"localhost"
							],
							"port": "3000",
							"path": [
								"cat",
								"saveCategory"
							]
						}
					},
					"response": []
				},
				{
					"name": "Get Category",
					"request": {
						"method": "GET",
						"header": [
							{
								"key": "Authorization",
								"value": "eyJ0eXAiOiJKV1QiLCJhbGciOiJIUzI1NiJ9.eyJzdWIiOiI2MjI5YTBlNzA0NzRjMTRkODQ1OTAzMjUiLCJuYW1lIjoiTGVvbmFyZG8iLCJ1c2VybmFtZSI6Ikp1YW5jaG8iLCJyb2xlIjoiQURNSU4iLCJpYXQiOjE2NDY5Mjk4NzgsImV4cCI6MTY0Njk0NDI3OH0.Gs0a9UwEfHryjBnMGM-G6aN7ZEVs8Q8qHI4tEZZYj0Q",
								"type": "text"
							}
						],
						"url": {
							"raw": "localhost:3000/cat/getCategoria",
							"host": [
								"localhost"
							],
							"port": "3000",
							"path": [
								"cat",
								"getCategoria"
							]
						}
					},
					"response": []
				},
				{
					"name": "Get Categories",
					"request": {
						"method": "GET",
						"header": [
							{
								"key": "Authorization",
								"value": "eyJ0eXAiOiJKV1QiLCJhbGciOiJIUzI1NiJ9.eyJzdWIiOiI2MjI5YTBlNzA0NzRjMTRkODQ1OTAzMjUiLCJuYW1lIjoiTGVvbmFyZG8iLCJ1c2VybmFtZSI6Ikp1YW5jaG8iLCJyb2xlIjoiQURNSU4iLCJpYXQiOjE2NDY5Mjk4NzgsImV4cCI6MTY0Njk0NDI3OH0.Gs0a9UwEfHryjBnMGM-G6aN7ZEVs8Q8qHI4tEZZYj0Q",
								"type": "text"
							}
						],
						"url": {
							"raw": "localhost:3000/cat/getCategory/",
							"host": [
								"localhost"
							],
							"port": "3000",
							"path": [
								"cat",
								"getCategory",
								""
							]
						}
					},
					"response": []
				},
				{
					"name": "Update Categories",
					"request": {
						"method": "PUT",
						"header": [
							{
								"key": "Authorization",
								"value": "eyJ0eXAiOiJKV1QiLCJhbGciOiJIUzI1NiJ9.eyJzdWIiOiI2MjI4MjMzMTFmNmRlYjI5MzdiZTQwZWYiLCJuYW1lIjoiT3NjYXIiLCJ1c2VybmFtZSI6Imtva3l0YXgiLCJyb2xlIjoiQURNSU4iLCJpYXQiOjE2NDY3OTk5NjgsImV4cCI6MTY0NjgxNDM2OH0.e9iD8OF-dlP8wWEGqIxZ7hA5narRo0FtXkfzAHkhsj0",
								"type": "text"
							}
						],
						"body": {
							"mode": "urlencoded",
							"urlencoded": [
								{
									"key": "name",
									"value": "Disparos",
									"type": "text",
									"disabled": true
								},
								{
									"key": "product",
									"value": "62285393a4a1cb1456ee3102",
									"type": "text"
								}
							]
						},
						"url": {
							"raw": "localhost:3000/cat/updateCategory/622849e702d0b96407e3e29d",
							"host": [
								"localhost"
							],
							"port": "3000",
							"path": [
								"cat",
								"updateCategory",
								"622849e702d0b96407e3e29d"
							]
						}
					},
					"response": []
				},
				{
					"name": "Delete Categories",
					"request": {
						"method": "DELETE",
						"header": [
							{
								"key": "Authorization",
								"value": "eyJ0eXAiOiJKV1QiLCJhbGciOiJIUzI1NiJ9.eyJzdWIiOiI2MjI5YTBlNzA0NzRjMTRkODQ1OTAzMjUiLCJuYW1lIjoiTGVvbmFyZG8iLCJ1c2VybmFtZSI6Ikp1YW5jaG8iLCJyb2xlIjoiQURNSU4iLCJpYXQiOjE2NDY5Mjk4NzgsImV4cCI6MTY0Njk0NDI3OH0.Gs0a9UwEfHryjBnMGM-G6aN7ZEVs8Q8qHI4tEZZYj0Q",
								"type": "text"
							}
						],
						"url": {
							"raw": "localhost:3000/cat/deleteCategories/622a29cc845c210207f811c7",
							"host": [
								"localhost"
							],
							"port": "3000",
							"path": [
								"cat",
								"deleteCategories",
								"622a29cc845c210207f811c7"
							]
						}
					},
					"response": []
				},
				{
					"name": "Search Category",
					"protocolProfileBehavior": {
						"disableBodyPruning": true
					},
					"request": {
						"method": "GET",
						"header": [
							{
								"key": "Authorization",
								"value": "eyJ0eXAiOiJKV1QiLCJhbGciOiJIUzI1NiJ9.eyJzdWIiOiI2MjI5YTBlNzA0NzRjMTRkODQ1OTAzMjUiLCJuYW1lIjoiTGVvbmFyZG8iLCJ1c2VybmFtZSI6Ikp1YW5jaG8iLCJyb2xlIjoiQURNSU4iLCJpYXQiOjE2NDY5Mjk4NzgsImV4cCI6MTY0Njk0NDI3OH0.Gs0a9UwEfHryjBnMGM-G6aN7ZEVs8Q8qHI4tEZZYj0Q",
								"type": "text"
							}
						],
						"body": {
							"mode": "urlencoded",
							"urlencoded": [
								{
									"key": "name",
									"value": "default",
									"type": "text"
								}
							]
						},
						"url": {
							"raw": "localhost:3000/cat/searchCategory",
							"host": [
								"localhost"
							],
							"port": "3000",
							"path": [
								"cat",
								"searchCategory"
							]
						}
					},
					"response": []
				}
			]
		},
		{
			"name": "Shopping Cart",
			"item": [
				{
					"name": "Add",
					"request": {
						"method": "POST",
						"header": [
							{
								"key": "Authorization",
								"value": "eyJ0eXAiOiJKV1QiLCJhbGciOiJIUzI1NiJ9.eyJzdWIiOiI2MjJhMmFjZWQwZTA1NjYwNTQ2NzM1NDQiLCJuYW1lIjoiSm9lbCIsInVzZXJuYW1lIjoiSnVhbmNobzIiLCJyb2xlIjoiQ0xJRU5UIiwiaWF0IjoxNjQ2OTMwOTY5LCJleHAiOjE2NDY5NDUzNjl9.PVM666yfctKrhzMzgNmcwjoKFoRZinC91IxoHV6MSHo",
								"type": "text"
							}
						],
						"body": {
							"mode": "urlencoded",
							"urlencoded": [
								{
									"key": "product",
									"value": "62282b6a54718fa82a0343e0",
									"type": "text"
								},
								{
									"key": "quantity",
									"value": "5",
									"type": "text"
								}
							]
						},
						"url": {
							"raw": "localhost:3000/cart/add",
							"host": [
								"localhost"
							],
							"port": "3000",
							"path": [
								"cart",
								"add"
							]
						}
					},
					"response": []
				}
			]
		},
		{
			"name": "Facturas",
			"item": [
				{
					"name": "Save",
					"request": {
						"method": "GET",
						"header": [
							{
								"key": "Authorization",
								"value": "eyJ0eXAiOiJKV1QiLCJhbGciOiJIUzI1NiJ9.eyJzdWIiOiI2MjI5YTBlNzA0NzRjMTRkODQ1OTAzMjUiLCJuYW1lIjoiTGVvbmFyZG8iLCJ1c2VybmFtZSI6Ikp1YW5jaG8iLCJyb2xlIjoiQURNSU4iLCJpYXQiOjE2NDY5MjM1NzQsImV4cCI6MTY0NjkzNzk3NH0.ARzIZ-guWoyKB2igUksZTrRNzn1BPQKJq6hyRxU83LA",
								"type": "text"
							}
						],
						"url": {
							"raw": "localhost:3000/fac/saveInvoice",
							"host": [
								"localhost"
							],
							"port": "3000",
							"path": [
								"fac",
								"saveInvoice"
							]
						}
					},
					"response": []
				}
			]
		}
	]
}